<?xml version="1.0" encoding="UTF-8"?>
<project-private xmlns="http://www.netbeans.org/ns/project-private/1">
    <editor-bookmarks xmlns="http://www.netbeans.org/ns/editor-bookmarks/2" lastBookmarkId="0"/>
    <open-files xmlns="http://www.netbeans.org/ns/projectui-open-files/2">
        <group>
            <file>file:/D:/PoliceSationDataVisualization/src/policesationdatavisualization/Officers_Details.java</file>
            <file>file:/D:/PoliceSationDataVisualization/src/policesationdatavisualization/Armoury_Stock.java</file>
            <file>file:/D:/PoliceSationDataVisualization/src/policesationdatavisualization/Admin_page.java</file>
            <file>file:/D:/PoliceSationDataVisualization/src/policesationdatavisualization/Criminal_Details.java</file>
            <file>file:/D:/PoliceSationDataVisualization/src/policesationdatavisualization/LoginAdmin.java</file>
            <file>file:/D:/PoliceSationDataVisualization/src/policesationdatavisualization/Show_All_Criminal_Details.java</file>
            <file>file:/D:/PoliceSationDataVisualization/src/policesationdatavisualization/Add_Armoury_Details.java</file>
            <file>file:/D:/PoliceSationDataVisualization/src/policesationdatavisualization/CriminalAllWindows.java</file>
            <file>file:/D:/PoliceSationDataVisualization/src/policesationdatavisualization/SearchAndUpdate_Officer_Details.java</file>
            <file>file:/D:/PoliceSationDataVisualization/src/policesationdatavisualization/SearchandUpdate_Criminal_Details.java</file>
            <file>file:/D:/PoliceSationDataVisualization/src/policesationdatavisualization/Show_All_Officer_Details.java</file>
        </group>
    </open-files>
</project-private>
